title:Myanmar All Kar 1,url:www.xnxx.com/search/myanmar?top,picture:Pictures/3.jpg,key:yes
title:Myanmar All Kar 2,url:es.pornhub.com/video/search?search=myanmar,picture:Pictures/4.jpg,key:yes
title:S Cute,url:es.pornhub.com/video/search?search=s+cute,picture:Pictures/8.jpg,key:yes
title:JAV,url:es.pornhub.com/video/search?search=jav,picture:Pictures/5.jpg,key:yes
title:Chinese,url:es.pornhub.com/video/search?search=chinese,picture:Pictures/7.jpg,key:yes
title:Thai,url:es.pornhub.com/video/search?search=thai,picture:Pictures/9.jpg,key:yes
title:Stars,url:es.pornhub.com/video/search?search=pornstar,picture:Pictures/10.jpg,key:yes
title:Beautiful Girls,url:es.pornhub.com/video/search?search=beautifulgirl,picture:Pictures/11.jpg,key:yes
title:Anime,url:es.pornhub.com/video/search?search=hentai+anime,picture:Pictures/6.jpg,key:yes
title:Apyar Books,url:www.apyarbooks.xyz,picture:Pictures/1.jpg,key:no
title:Yote Pya,url:www.yotepya.xyz,picture:Pictures/2.jpg,key:no



